"OTL_id","OTU_name","status","first_issued"
1,"Porifera Gen. sp.","active","submission (74a143e)"
2,"Cnidaria Gen. sp.","active","submission (74a143e)"
3,"Platyhelminthes Gen. sp.","active","submission (74a143e)"
4,"Dolichomicrostomida Gen. sp.","active","submission (74a143e)"
5,"Prolecithophora Gen. sp.","active","submission (74a143e)"
6,"Rhabdocoela Gen. sp.","active","submission (74a143e)"
7,"Tricladida Gen. sp.","active","submission (74a143e)"
8,"Dendrocoelidae Gen. sp.","active","submission (74a143e)"
9,"Dendrocoelum sp.","active","submission (74a143e)"
10,"Dugesiidae Gen. sp.","active","submission (74a143e)"
11,"Dugesia sp.","active","submission (74a143e)"
12,"Schmidtea sp.","active","submission (74a143e)"
13,"Geoplanidae Gen. sp.","active","submission (74a143e)"
14,"Planariidae Gen. sp.","active","submission (74a143e)"
15,"Phagocata sp.","active","submission (74a143e)"
16,"Planaria sp.","active","submission (74a143e)"
17,"Polycelis sp.","active","submission (74a143e)"
18,"Nematoda Gen. sp.","active","submission (74a143e)"
19,"Nematomorpha Gen. sp.","active","submission (74a143e)"
20,"Nemertea Gen. sp.","active","submission (74a143e)"
21,"Bryozoa Gen. sp.","active","submission (74a143e)"
22,"Annelida Gen. sp.","active","submission (74a143e)"
23,"Clitellata Gen. sp.","active","submission (74a143e)"
24,"Oligochaeta Gen. sp.","active","submission (74a143e)"
25,"Naididae Gen. sp.","active","submission (74a143e)"
26,"Hirudinea Gen. sp.","active","submission (74a143e)"
27,"Arhynchobdellida Gen. sp.","active","submission (74a143e)"
28,"Erpobdellidae Gen. sp.","active","submission (74a143e)"
29,"Dina sp.","active","submission (74a143e)"
30,"Erpobdella sp.","active","submission (74a143e)"
31,"Erpobdella octoculata","active","submission (74a143e)"
32,"Haemopidae Gen. sp.","active","submission (74a143e)"
33,"Haemopis sp.","active","submission (74a143e)"
34,"Haemopis sanguisuga","active","submission (74a143e)"
35,"Hirudinidae Gen. sp.","active","submission (74a143e)"
36,"Hirudo sp.","active","submission (74a143e)"
37,"Hirudo medicinalis","active","submission (74a143e)"
38,"Rhynchobdellida Gen. sp.","active","submission (74a143e)"
39,"Glossiphoniidae Gen. sp.","active","submission (74a143e)"
40,"Alboglossiphonia sp.","active","submission (74a143e)"
41,"Batracobdelloides sp.","active","submission (74a143e)"
42,"Glossiphonia sp.","active","submission (74a143e)"
43,"Glossiphonia complanata","active","submission (74a143e)"
44,"Helobdella sp.","active","submission (74a143e)"
45,"Helobdella stagnalis","active","submission (74a143e)"
46,"Hemiclepsis sp.","active","submission (74a143e)"
47,"Hemiclepsis marginata","active","submission (74a143e)"
48,"Placobdella sp.","active","submission (74a143e)"
49,"Theromyzon sp.","active","submission (74a143e)"
50,"Theromyzon tessulatum","active","submission (74a143e)"
51,"Piscicolidae Gen. sp.","active","submission (74a143e)"
52,"Caspiobdella sp.","active","submission (74a143e)"
53,"Cystobranchus sp.","active","submission (74a143e)"
54,"Pawlowskiella sp.","active","submission (74a143e)"
55,"Piscicola sp.","active","submission (74a143e)"
56,"Piscicola geometra","active","submission (74a143e)"
57,"Polychaeta Gen. sp.","active","submission (74a143e)"
58,"Mollusca Gen. sp.","active","submission (74a143e)"
59,"Bivalvia Gen. sp.","active","submission (74a143e)"
60,"Myida Gen. sp.","active","submission (74a143e)"
61,"Dreissenidae Gen. sp.","active","submission (74a143e)"
62,"Dreissena sp.","active","submission (74a143e)"
63,"Dreissena polymorpha","active","submission (74a143e)"
64,"Sphaeriida Gen. sp.","active","submission (74a143e)"
65,"Sphaeriidae Gen. sp.","active","submission (74a143e)"
66,"Conventus sp.","active","submission (74a143e)"
67,"Euglesa sp.","active","submission (74a143e)"
68,"Odhneripisidium sp.","active","submission (74a143e)"
69,"Pisidium sp.","active","submission (74a143e)"
70,"Sphaerium sp.","active","submission (74a143e)"
71,"Unionida Gen. sp.","active","submission (74a143e)"
72,"Margaritiferidae Gen. sp.","active","submission (74a143e)"
73,"Margaritifera sp.","active","submission (74a143e)"
74,"Unionidae Gen. sp.","active","submission (74a143e)"
75,"Anodonta sp.","active","submission (74a143e)"
76,"Pseudanodonta sp.","active","submission (74a143e)"
77,"Unio sp.","active","submission (74a143e)"
78,"Gastropoda Gen. sp.","active","submission (74a143e)"
79,"Acroloxidae Gen. sp.","active","submission (74a143e)"
80,"Acroloxus sp.","active","submission (74a143e)"
81,"Acroloxus lacustris","active","submission (74a143e)"
82,"Lymnaeidae Gen. sp.","active","submission (74a143e)"
83,"Ampullaceana sp.","active","submission (74a143e)"
84,"Galba sp.","active","submission (74a143e)"
85,"Lymnaea sp.","active","submission (74a143e)"
86,"Lymnaea stagnalis","active","submission (74a143e)"
87,"Myxas sp.","active","submission (74a143e)"
88,"Omphiscola sp.","active","submission (74a143e)"
89,"Peregriana sp.","active","submission (74a143e)"
90,"Radix sp.","active","submission (74a143e)"
91,"Radix auricularia","active","submission (74a143e)"
92,"Stagnicola sp.","active","submission (74a143e)"
93,"Physidae Gen. sp.","active","submission (74a143e)"
94,"Aplexa sp.","active","submission (74a143e)"
95,"Physa sp.","active","submission (74a143e)"
96,"Physa fontinalis","active","submission (74a143e)"
97,"Physella sp.","active","submission (74a143e)"
98,"Physella acuta","active","submission (74a143e)"
99,"Planorbidae Gen. sp.","active","submission (74a143e)"
100,"Ancylus sp.","active","submission (74a143e)"
101,"Ancylus fluviatilis","active","submission (74a143e)"
102,"Anisus sp.","active","submission (74a143e)"
103,"Armiger sp.","active","submission (74a143e)"
104,"Bathyomphalus sp.","active","submission (74a143e)"
105,"Ferrissia sp.","active","submission (74a143e)"
106,"Gyraulus sp.","active","submission (74a143e)"
107,"Hippeutis sp.","active","submission (74a143e)"
108,"Planorbarius sp.","active","submission (74a143e)"
109,"Planorbarius corneus","active","submission (74a143e)"
110,"Planorbis sp.","active","submission (74a143e)"
111,"Planorbis planorbis","active","submission (74a143e)"
112,"Segmentina sp.","active","submission (74a143e)"
113,"Valvatidae Gen. sp.","active","submission (74a143e)"
114,"Borysthenia sp.","active","submission (74a143e)"
115,"Valvata sp.","active","submission (74a143e)"
116,"Architaenioglossa Gen. sp.","active","submission (74a143e)"
117,"Viviparidae Gen. sp.","active","submission (74a143e)"
118,"Viviparus sp.","active","submission (74a143e)"
119,"Cycloneritida Gen. sp.","active","submission (74a143e)"
120,"Neritidae Gen. sp.","active","submission (74a143e)"
121,"Theodoxus sp.","active","submission (74a143e)"
122,"Theodoxus fluviatilis","active","submission (74a143e)"
123,"Littorinimorpha Gen. sp.","active","submission (74a143e)"
124,"Amnicolidae Gen. sp.","active","submission (74a143e)"
125,"Marstoniopsis sp.","active","submission (74a143e)"
126,"Bithyniidae Gen. sp.","active","submission (74a143e)"
127,"Bithynia sp.","active","submission (74a143e)"
128,"Bithynia leachii","active","submission (74a143e)"
129,"Bithynia tentaculata","active","submission (74a143e)"
130,"Hydrobiidae Gen. sp.","active","submission (74a143e)"
131,"Ecrobia sp.","active","submission (74a143e)"
132,"Lithoglyphidae Gen. sp.","active","submission (74a143e)"
133,"Lithoglyphus sp.","active","submission (74a143e)"
134,"Tateidae Gen. sp.","active","submission (74a143e)"
135,"Potamopyrgus sp.","active","submission (74a143e)"
136,"Stylommatophora Gen. sp.","active","submission (74a143e)"
137,"Arthropoda Gen. sp.","active","submission (74a143e)"
138,"Maxillopoda Gen. sp.","active","submission (74a143e)"
139,"Branchiopoda Gen. sp.","active","submission (74a143e)"
140,"Ostracoda Gen. sp.","active","submission (74a143e)"
141,"Malacostraca Gen. sp.","active","submission (74a143e)"
142,"Mysida Gen. sp.","active","submission (74a143e)"
143,"Mysidae Gen. sp.","active","submission (74a143e)"
144,"Hemimysis sp.","active","submission (74a143e)"
145,"Limnomysis sp.","active","submission (74a143e)"
146,"Mysis sp.","active","submission (74a143e)"
147,"Neomysis sp.","active","submission (74a143e)"
148,"Paramysis sp.","active","submission (74a143e)"
149,"Praunus sp.","active","submission (74a143e)"
150,"Isopoda Gen. sp.","active","submission (74a143e)"
151,"Asellidae Gen. sp.","active","submission (74a143e)"
152,"Asellus sp.","active","submission (74a143e)"
153,"Asellus aquaticus","active","submission (74a143e)"
154,"Chaetiliidae Gen. sp.","active","submission (74a143e)"
155,"Cirolanidae Gen. sp.","active","submission (74a143e)"
156,"Janiridae Gen. sp.","active","submission (74a143e)"
157,"Jaera sp.","active","submission (74a143e)"
158,"Amphipoda Gen. sp.","active","submission (74a143e)"
159,"Corophiidae Gen. sp.","active","submission (74a143e)"
160,"Apocorophium sp.","active","submission (74a143e)"
161,"Chelicorophium sp.","active","submission (74a143e)"
162,"Corophium sp.","active","submission (74a143e)"
163,"Crangonyctidae Gen. sp.","active","submission (74a143e)"
164,"Synurella sp.","active","submission (74a143e)"
165,"Gammaridae Gen. sp.","active","submission (74a143e)"
166,"Chaetogammarus sp.","active","submission (74a143e)"
167,"Dikerogammarus sp.","active","submission (74a143e)"
168,"Gammarus sp.","active","submission (74a143e)"
169,"Niphargidae Gen. sp.","active","submission (74a143e)"
170,"Pallaseidae Gen. sp.","active","submission (74a143e)"
171,"Pallaseopsis sp.","active","submission (74a143e)"
172,"Pontogammaridae Gen. sp.","active","submission (74a143e)"
173,"Obesogammarus sp.","active","submission (74a143e)"
174,"Pontogammarus sp.","active","submission (74a143e)"
175,"Talitridae Gen. sp.","active","submission (74a143e)"
176,"Decapoda Gen. sp.","active","submission (74a143e)"
177,"Astacidae Gen. sp.","active","submission (74a143e)"
178,"Astacus sp.","active","submission (74a143e)"
179,"Pacifastacus sp.","active","submission (74a143e)"
180,"Pontastacus sp.","active","submission (74a143e)"
181,"Cambaridae Gen. sp.","active","submission (74a143e)"
182,"Faxonius sp.","active","submission (74a143e)"
183,"Crangonidae Gen. sp.","active","submission (74a143e)"
184,"Palaemonidae Gen. sp.","active","submission (74a143e)"
185,"Arachnida Gen. sp.","active","submission (74a143e)"
186,"Collembola Gen. sp.","active","submission (74a143e)"
187,"Insecta Gen. sp.","active","submission (74a143e)"
188,"Coleoptera Gen. sp.","active","submission (74a143e)"
189,"Chrysomelidae Gen. sp.","active","submission (74a143e)"
190,"Clambidae Gen. sp.","active","submission (74a143e)"
191,"Curculionidae Gen. sp.","active","submission (74a143e)"
192,"Dryopidae Gen. sp.","active","submission (74a143e)"
193,"Dryops sp.","active","submission (74a143e)"
194,"Pomatinus sp.","active","submission (74a143e)"
195,"Dytiscidae Gen. sp.","active","submission (74a143e)"
196,"Acilius sp.","active","submission (74a143e)"
197,"Agabus sp.","active","submission (74a143e)"
198,"Bidessus sp.","active","submission (74a143e)"
199,"Boreonectes sp.","active","submission (74a143e)"
200,"Clemnius sp.","active","submission (74a143e)"
201,"Colymbetes sp.","active","submission (74a143e)"
202,"Copelatus sp.","active","submission (74a143e)"
203,"Cybister sp.","active","submission (74a143e)"
204,"Deronectes sp.","active","submission (74a143e)"
205,"Dytiscus sp.","active","submission (74a143e)"
206,"Graphoderus sp.","active","submission (74a143e)"
207,"Graptodytes sp.","active","submission (74a143e)"
208,"Hydaticus sp.","active","submission (74a143e)"
209,"Hydroglyphus sp.","active","submission (74a143e)"
210,"Hydroporus sp.","active","submission (74a143e)"
211,"Hydrovatus sp.","active","submission (74a143e)"
212,"Hygrotus sp.","active","submission (74a143e)"
213,"Hyphydrus sp.","active","submission (74a143e)"
214,"Ilybius sp.","active","submission (74a143e)"
215,"Laccophilus sp.","active","submission (74a143e)"
216,"Laccornis sp.","active","submission (74a143e)"
217,"Nartus sp.","active","submission (74a143e)"
218,"Nebrioporus sp.","active","submission (74a143e)"
219,"Nectoporus sp.","active","submission (74a143e)"
220,"Platambus sp.","active","submission (74a143e)"
221,"Porhydrus sp.","active","submission (74a143e)"
222,"Rhantus sp.","active","submission (74a143e)"
223,"Scarodytes sp.","active","submission (74a143e)"
224,"Stictotarsus sp.","active","submission (74a143e)"
225,"Elmidae Gen. sp.","active","submission (74a143e)"
226,"Elmis sp.","active","submission (74a143e)"
227,"Esolus sp.","active","submission (74a143e)"
228,"Limnius sp.","active","submission (74a143e)"
229,"Macronychus sp.","active","submission (74a143e)"
230,"Oulimnius sp.","active","submission (74a143e)"
231,"Potamophilus sp.","active","submission (74a143e)"
232,"Riolus sp.","active","submission (74a143e)"
233,"Stenelmis sp.","active","submission (74a143e)"
234,"Georissidae Gen. sp.","active","submission (74a143e)"
235,"Georissus sp.","active","submission (74a143e)"
236,"Gyrinidae Gen. sp.","active","submission (74a143e)"
237,"Aulonogyrus sp.","active","submission (74a143e)"
238,"Gyrinus sp.","active","submission (74a143e)"
239,"Orectochilus sp.","active","submission (74a143e)"
240,"Haliplidae Gen. sp.","active","submission (74a143e)"
241,"Brychius sp.","active","submission (74a143e)"
242,"Haliplus sp.","active","submission (74a143e)"
243,"Peltodytes sp.","active","submission (74a143e)"
244,"Helophoridae Gen. sp.","active","submission (74a143e)"
245,"Helophorus sp.","active","submission (74a143e)"
246,"Hydraenidae Gen. sp.","active","submission (74a143e)"
247,"Hydraena sp.","active","submission (74a143e)"
248,"Limnebius sp.","active","submission (74a143e)"
249,"Ochthebius sp.","active","submission (74a143e)"
250,"Hydrochidae Gen. sp.","active","submission (74a143e)"
251,"Hydrochus sp.","active","submission (74a143e)"
252,"Hydrophilidae Gen. sp.","active","submission (74a143e)"
253,"Anacaena sp.","active","submission (74a143e)"
254,"Berosus sp.","active","submission (74a143e)"
255,"Cercyon sp.","active","submission (74a143e)"
256,"Chaetarthria sp.","active","submission (74a143e)"
257,"Coelostoma sp.","active","submission (74a143e)"
258,"Cryptopleurum sp.","active","submission (74a143e)"
259,"Cymbiodyta sp.","active","submission (74a143e)"
260,"Enochrus sp.","active","submission (74a143e)"
261,"Helochares sp.","active","submission (74a143e)"
262,"Hydrobius sp.","active","submission (74a143e)"
263,"Hydrochara sp.","active","submission (74a143e)"
264,"Hydrophilus sp.","active","submission (74a143e)"
265,"Laccobius sp.","active","submission (74a143e)"
266,"Limnoxenus sp.","active","submission (74a143e)"
267,"Megasternum sp.","active","submission (74a143e)"
268,"Paracymus sp.","active","submission (74a143e)"
269,"Sphaeridium sp.","active","submission (74a143e)"
270,"Hygrobiidae Gen. sp.","active","submission (74a143e)"
271,"Hygrobia sp.","active","submission (74a143e)"
272,"Noteridae Gen. sp.","active","submission (74a143e)"
273,"Noterus sp.","active","submission (74a143e)"
274,"Scarabaeidae Gen. sp.","active","submission (74a143e)"
275,"Melinopterus sp.","active","submission (74a143e)"
276,"Scirtidae Gen. sp.","active","submission (74a143e)"
277,"Contacyphon sp.","active","submission (74a143e)"
278,"Cyphon sp.","active","submission (74a143e)"
279,"Elodes sp.","active","submission (74a143e)"
280,"Microcara sp.","active","submission (74a143e)"
281,"Odeles sp.","active","submission (74a143e)"
282,"Prionocyphon sp.","active","submission (74a143e)"
283,"Scirtes sp.","active","submission (74a143e)"
284,"Spercheidae Gen. sp.","active","submission (74a143e)"
285,"Spercheus sp.","active","submission (74a143e)"
286,"Diptera Gen. sp.","active","submission (74a143e)"
287,"Anthomyiidae Gen. sp.","active","submission (74a143e)"
288,"Athericidae Gen. sp.","active","submission (74a143e)"
289,"Atherix sp.","active","submission (74a143e)"
290,"Atrichops sp.","active","submission (74a143e)"
291,"Atrichops crassipes","active","submission (74a143e)"
292,"Blephariceridae Gen. sp.","active","submission (74a143e)"
293,"Ceratopogonidae Gen. sp.","active","submission (74a143e)"
294,"Alluaudomyia sp.","active","submission (74a143e)"
295,"Atrichopogon sp.","active","submission (74a143e)"
296,"Bezzia sp.","active","submission (74a143e)"
297,"Brachypogon sp.","active","submission (74a143e)"
298,"Ceratopogon sp.","active","submission (74a143e)"
299,"Clinohelea sp.","active","submission (74a143e)"
300,"Culicoides sp.","active","submission (74a143e)"
301,"Dasyhelea sp.","active","submission (74a143e)"
302,"Forcipomyia sp.","active","submission (74a143e)"
303,"Macropeza sp.","active","submission (74a143e)"
304,"Mallochohelea sp.","active","submission (74a143e)"
305,"Monohelea sp.","active","submission (74a143e)"
306,"Palpomyia sp.","active","submission (74a143e)"
307,"Probezzia sp.","active","submission (74a143e)"
308,"Schizohelea sp.","active","submission (74a143e)"
309,"Serromyia sp.","active","submission (74a143e)"
310,"Sphaeromias sp.","active","submission (74a143e)"
311,"Stilobezzia sp.","active","submission (74a143e)"
312,"Chaoboridae Gen. sp.","active","submission (74a143e)"
313,"Chaoborus sp.","active","submission (74a143e)"
314,"Cryophila sp.","active","submission (74a143e)"
315,"Mochlonyx sp.","active","submission (74a143e)"
316,"Chironomidae Gen. sp.","active","submission (74a143e)"
317,"Ablabesmyia sp.","active","submission (74a143e)"
318,"Acricotopus sp.","active","submission (74a143e)"
319,"Anatopynia sp.","active","submission (74a143e)"
320,"Apsectrotanypus sp.","active","submission (74a143e)"
321,"Beckidia sp.","active","submission (74a143e)"
322,"Brillia sp.","active","submission (74a143e)"
323,"Camptocladius sp.","active","submission (74a143e)"
324,"Chaetocladius sp.","active","submission (74a143e)"
325,"Chernovskiia sp.","active","submission (74a143e)"
326,"Chironomus sp.","active","submission (74a143e)"
327,"Cladopelma sp.","active","submission (74a143e)"
328,"Cladotanytarsus sp.","active","submission (74a143e)"
329,"Clinotanypus sp.","active","submission (74a143e)"
330,"Conchapelopia sp.","active","submission (74a143e)"
331,"Corynocera sp.","active","submission (74a143e)"
332,"Corynoneura sp.","active","submission (74a143e)"
333,"Cricotopus sp.","active","submission (74a143e)"
334,"Cryptochironomus sp.","active","submission (74a143e)"
335,"Cryptotendipes sp.","active","submission (74a143e)"
336,"Demeijerea sp.","active","submission (74a143e)"
337,"Demicryptochironomus sp.","active","submission (74a143e)"
338,"Diamesa sp.","active","submission (74a143e)"
339,"Dicrotendipes sp.","active","submission (74a143e)"
340,"Einfeldia sp.","active","submission (74a143e)"
341,"Endochironomus sp.","active","submission (74a143e)"
342,"Epoicocladius sp.","active","submission (74a143e)"
343,"Eukiefferiella sp.","active","submission (74a143e)"
344,"Glyptotendipes sp.","active","submission (74a143e)"
345,"Guttipelopia sp.","active","submission (74a143e)"
346,"Harnischia sp.","active","submission (74a143e)"
347,"Heterotrissocladius sp.","active","submission (74a143e)"
348,"Krenopelopia sp.","active","submission (74a143e)"
349,"Larsia sp.","active","submission (74a143e)"
350,"Lauterborniella sp.","active","submission (74a143e)"
351,"Limnophyes sp.","active","submission (74a143e)"
352,"Lipiniella sp.","active","submission (74a143e)"
353,"Macropelopia sp.","active","submission (74a143e)"
354,"Metriocnemus sp.","active","submission (74a143e)"
355,"Micropsectra sp.","active","submission (74a143e)"
356,"Microtendipes sp.","active","submission (74a143e)"
357,"Monodiamesa sp.","active","submission (74a143e)"
358,"Monopelopia sp.","active","submission (74a143e)"
359,"Nanocladius sp.","active","submission (74a143e)"
360,"Natarsia sp.","active","submission (74a143e)"
361,"Odontomesa sp.","active","submission (74a143e)"
362,"Omisus sp.","active","submission (74a143e)"
363,"Orthocladiinae sp.","active","submission (74a143e)"
364,"Orthocladius sp.","active","submission (74a143e)"
365,"Pagastiella sp.","active","submission (74a143e)"
366,"Parachironomus sp.","active","submission (74a143e)"
367,"Paracladius sp.","active","submission (74a143e)"
368,"Paracladopelma sp.","active","submission (74a143e)"
369,"Parakiefferiella sp.","active","submission (74a143e)"
370,"Paralauterborniella sp.","active","submission (74a143e)"
371,"Paralimnophyes sp.","active","submission (74a143e)"
372,"Paratanytarsus sp.","active","submission (74a143e)"
373,"Paratendipes sp.","active","submission (74a143e)"
374,"Podonominae sp.","active","submission (74a143e)"
375,"Polypedilum sp.","active","submission (74a143e)"
376,"Potthastia sp.","active","submission (74a143e)"
377,"Procladius sp.","active","submission (74a143e)"
378,"Prodiamesa sp.","active","submission (74a143e)"
379,"Propsilocerus sp.","active","submission (74a143e)"
380,"Psectrocladius sp.","active","submission (74a143e)"
381,"Psectrotanypus sp.","active","submission (74a143e)"
382,"Pseudochironomus sp.","active","submission (74a143e)"
383,"Pseudodiamesa sp.","active","submission (74a143e)"
384,"Pseudosmittia sp.","active","submission (74a143e)"
385,"Rheocricotopus sp.","active","submission (74a143e)"
386,"Robackia sp.","active","submission (74a143e)"
387,"Sergentia sp.","active","submission (74a143e)"
388,"Smittia sp.","active","submission (74a143e)"
389,"Stempellina sp.","active","submission (74a143e)"
390,"Stenochironomus sp.","active","submission (74a143e)"
391,"Stichtochironomus sp.","active","submission (74a143e)"
392,"Stictochironomus sp.","active","submission (74a143e)"
393,"Synorthocladius sp.","active","submission (74a143e)"
394,"Tanypodinae sp.","active","submission (74a143e)"
395,"Tanypus sp.","active","submission (74a143e)"
396,"Tanytarsus sp.","active","submission (74a143e)"
397,"Thienemannimyia sp.","active","submission (74a143e)"
398,"Tribelos sp.","active","submission (74a143e)"
399,"Trissocladius sp.","active","submission (74a143e)"
400,"Xenochironomus sp.","active","submission (74a143e)"
401,"Xenopelopia sp.","active","submission (74a143e)"
402,"Zalutschia sp.","active","submission (74a143e)"
403,"Zavrelimyia sp.","active","submission (74a143e)"
404,"Culicidae Gen. sp.","active","submission (74a143e)"
405,"Aedes sp.","active","submission (74a143e)"
406,"Anopheles sp.","active","submission (74a143e)"
407,"Coquillettidia sp.","active","submission (74a143e)"
408,"Culex sp.","active","submission (74a143e)"
409,"Culiseta sp.","active","submission (74a143e)"
410,"Cylindrotomidae Gen. sp.","active","submission (74a143e)"
411,"Cylindrotoma sp.","active","submission (74a143e)"
412,"Diogma sp.","active","submission (74a143e)"
413,"Phalacrocera sp.","active","submission (74a143e)"
414,"Triogma sp.","active","submission (74a143e)"
415,"Dixidae Gen. sp.","active","submission (74a143e)"
416,"Dixa sp.","active","submission (74a143e)"
417,"Dixella sp.","active","submission (74a143e)"
418,"Dolichopodidae Gen. sp.","active","submission (74a143e)"
419,"Achalcus sp.","active","submission (74a143e)"
420,"Acropsilus sp.","active","submission (74a143e)"
421,"Argyra sp.","active","submission (74a143e)"
422,"Campsicnemus sp.","active","submission (74a143e)"
423,"Chrysotimus sp.","active","submission (74a143e)"
424,"Chrysotus sp.","active","submission (74a143e)"
425,"Diaphorus sp.","active","submission (74a143e)"
426,"Dolichopus sp.","active","submission (74a143e)"
427,"Hercostomus sp.","active","submission (74a143e)"
428,"Hydrophorus sp.","active","submission (74a143e)"
429,"Medetera sp.","active","submission (74a143e)"
430,"Melanostolus sp.","active","submission (74a143e)"
431,"Neurigona sp.","active","submission (74a143e)"
432,"Poecilobothrus sp.","active","submission (74a143e)"
433,"Rhaphium sp.","active","submission (74a143e)"
434,"Sciapus sp.","active","submission (74a143e)"
435,"Sympycnus sp.","active","submission (74a143e)"
436,"Teuchophorus sp.","active","submission (74a143e)"
437,"Thrypticus sp.","active","submission (74a143e)"
438,"Xanthochlorus sp.","active","submission (74a143e)"
439,"Empididae Gen. sp.","active","submission (74a143e)"
440,"Dolichocephala sp.","active","submission (74a143e)"
441,"Empis sp.","active","submission (74a143e)"
442,"Hemerodromia sp.","active","submission (74a143e)"
443,"Hilara sp.","active","submission (74a143e)"
444,"Phyllodromia sp.","active","submission (74a143e)"
445,"Rhamphomyia sp.","active","submission (74a143e)"
446,"Wiedemannia sp.","active","submission (74a143e)"
447,"Ephydridae Gen. sp.","active","submission (74a143e)"
448,"Allotrichoma sp.","active","submission (74a143e)"
449,"Chlorichaeta sp.","active","submission (74a143e)"
450,"Coenia sp.","active","submission (74a143e)"
451,"Diasemocera sp.","active","submission (74a143e)"
452,"Discocerina sp.","active","submission (74a143e)"
453,"Ditrichophora sp.","active","submission (74a143e)"
454,"Ephydra sp.","active","submission (74a143e)"
455,"Gymnoclasiopa sp.","active","submission (74a143e)"
456,"Hecamede sp.","active","submission (74a143e)"
457,"Hecamedoides sp.","active","submission (74a143e)"
458,"Hydrellia sp.","active","submission (74a143e)"
459,"Limnellia sp.","active","submission (74a143e)"
460,"Mosillus sp.","active","submission (74a143e)"
461,"Nostima sp.","active","submission (74a143e)"
462,"Notiphila sp.","active","submission (74a143e)"
463,"Ochthera sp.","active","submission (74a143e)"
464,"Parydra sp.","active","submission (74a143e)"
465,"Philotelma sp.","active","submission (74a143e)"
466,"Philygria sp.","active","submission (74a143e)"
467,"Psilopa sp.","active","submission (74a143e)"
468,"Scatella sp.","active","submission (74a143e)"
469,"Setacera sp.","active","submission (74a143e)"
470,"Trimerina sp.","active","submission (74a143e)"
471,"Limoniidae Gen. sp.","active","submission (74a143e)"
472,"Achyrolimonia sp.","active","submission (74a143e)"
473,"Adelphomyia sp.","active","submission (74a143e)"
474,"Antocha sp.","active","submission (74a143e)"
475,"Arctoconopa sp.","active","submission (74a143e)"
476,"Atypophthalmus sp.","active","submission (74a143e)"
477,"Austrolimnophila sp.","active","submission (74a143e)"
478,"Cheilotrichia sp.","active","submission (74a143e)"
479,"Chionea sp.","active","submission (74a143e)"
480,"Crypteria sp.","active","submission (74a143e)"
481,"Dicranomyia sp.","active","submission (74a143e)"
482,"Dicranophragma sp.","active","submission (74a143e)"
483,"Dicranoptycha sp.","active","submission (74a143e)"
484,"Discobola sp.","active","submission (74a143e)"
485,"Elephantomyia sp.","active","submission (74a143e)"
486,"Ellipteroides sp.","active","submission (74a143e)"
487,"Eloeophila sp.","active","submission (74a143e)"
488,"Epiphragma sp.","active","submission (74a143e)"
489,"Erioconopa sp.","active","submission (74a143e)"
490,"Erioptera sp.","active","submission (74a143e)"
491,"Euphylidorea sp.","active","submission (74a143e)"
492,"Eutonia sp.","active","submission (74a143e)"
493,"Gnophomyia sp.","active","submission (74a143e)"
494,"Gonempeda sp.","active","submission (74a143e)"
495,"Gonomyia sp.","active","submission (74a143e)"
496,"Helius sp.","active","submission (74a143e)"
497,"Hexatoma sp.","active","submission (74a143e)"
498,"Hoplolabis sp.","active","submission (74a143e)"
499,"Idioptera sp.","active","submission (74a143e)"
500,"Ilisia sp.","active","submission (74a143e)"
501,"Libnotes sp.","active","submission (74a143e)"
502,"Limnophila sp.","active","submission (74a143e)"
503,"Limonia sp.","active","submission (74a143e)"
504,"Lipsothrix sp.","active","submission (74a143e)"
505,"Metalimnobia sp.","active","submission (74a143e)"
506,"Molophilus sp.","active","submission (74a143e)"
507,"Neolimnomyia sp.","active","submission (74a143e)"
508,"Neolimnophila sp.","active","submission (74a143e)"
509,"Neolimonia sp.","active","submission (74a143e)"
510,"Orimarga sp.","active","submission (74a143e)"
511,"Ormosia sp.","active","submission (74a143e)"
512,"Paradelphomyia sp.","active","submission (74a143e)"
513,"Phylidorea sp.","active","submission (74a143e)"
514,"Pilaria sp.","active","submission (74a143e)"
515,"Pseudolimnophila sp.","active","submission (74a143e)"
516,"Rhabdomastix sp.","active","submission (74a143e)"
517,"Rhipidia sp.","active","submission (74a143e)"
518,"Rhypholophus sp.","active","submission (74a143e)"
519,"Scleroprocta sp.","active","submission (74a143e)"
520,"Symplecta sp.","active","submission (74a143e)"
521,"Tasiocera sp.","active","submission (74a143e)"
522,"Muscidae Gen. sp.","active","submission (74a143e)"
523,"Azelia sp.","active","submission (74a143e)"
524,"Caricea sp.","active","submission (74a143e)"
525,"Coenosia sp.","active","submission (74a143e)"
526,"Drymeia sp.","active","submission (74a143e)"
527,"Graphomya sp.","active","submission (74a143e)"
528,"Haematobia sp.","active","submission (74a143e)"
529,"Haematobosca sp.","active","submission (74a143e)"
530,"Helina sp.","active","submission (74a143e)"
531,"Hydrotaea sp.","active","submission (74a143e)"
532,"Limnophora sp.","active","submission (74a143e)"
533,"Limnospila sp.","active","submission (74a143e)"
534,"Lispe sp.","active","submission (74a143e)"
535,"Mesembrina sp.","active","submission (74a143e)"
536,"Morellia sp.","active","submission (74a143e)"
537,"Musca sp.","active","submission (74a143e)"
538,"Muscina sp.","active","submission (74a143e)"
539,"Mydaea sp.","active","submission (74a143e)"
540,"Myospila sp.","active","submission (74a143e)"
541,"Neomyia sp.","active","submission (74a143e)"
542,"Phaonia sp.","active","submission (74a143e)"
543,"Polietes sp.","active","submission (74a143e)"
544,"Potamia sp.","active","submission (74a143e)"
545,"Pyrellia sp.","active","submission (74a143e)"
546,"Schoenomyza sp.","active","submission (74a143e)"
547,"Stomoxys sp.","active","submission (74a143e)"
548,"Thricops sp.","active","submission (74a143e)"
549,"Ziminella sp.","active","submission (74a143e)"
550,"Pediciidae Gen. sp.","active","submission (74a143e)"
551,"Dicranota sp.","active","submission (74a143e)"
552,"Pedicia sp.","active","submission (74a143e)"
553,"Tricyphona sp.","active","submission (74a143e)"
554,"Ula sp.","active","submission (74a143e)"
555,"Psychodidae Gen. sp.","active","submission (74a143e)"
556,"Bazarella sp.","active","submission (74a143e)"
557,"Berdeniella sp.","active","submission (74a143e)"
558,"Clytocerus sp.","active","submission (74a143e)"
559,"Jungiella sp.","active","submission (74a143e)"
560,"Panimerus sp.","active","submission (74a143e)"
561,"Paramormia sp.","active","submission (74a143e)"
562,"Pericoma sp.","active","submission (74a143e)"
563,"Peripsychoda sp.","active","submission (74a143e)"
564,"Philosepedon sp.","active","submission (74a143e)"
565,"Pneumia sp.","active","submission (74a143e)"
566,"Psychoda sp.","active","submission (74a143e)"
567,"Seoda sp.","active","submission (74a143e)"
568,"Telmatoscopus sp.","active","submission (74a143e)"
569,"Threticus sp.","active","submission (74a143e)"
570,"Tonnoiriella sp.","active","submission (74a143e)"
571,"Ulomyia sp.","active","submission (74a143e)"
572,"Ptychopteridae Gen. sp.","active","submission (74a143e)"
573,"Ptychoptera sp.","active","submission (74a143e)"
574,"Rhagionidae Gen. sp.","active","submission (74a143e)"
575,"Chrysopilus sp.","active","submission (74a143e)"
576,"Rhagio sp.","active","submission (74a143e)"
577,"Symphoromyia sp.","active","submission (74a143e)"
578,"Sciomyzidae Gen. sp.","active","submission (74a143e)"
579,"Anticheta sp.","active","submission (74a143e)"
580,"Colobaea sp.","active","submission (74a143e)"
581,"Coremacera sp.","active","submission (74a143e)"
582,"Dichetophora sp.","active","submission (74a143e)"
583,"Dictya sp.","active","submission (74a143e)"
584,"Elgiva sp.","active","submission (74a143e)"
585,"Euthycera sp.","active","submission (74a143e)"
586,"Hydromya sp.","active","submission (74a143e)"
587,"Ilione sp.","active","submission (74a143e)"
588,"Limnia sp.","active","submission (74a143e)"
589,"Pherbellia sp.","active","submission (74a143e)"
590,"Pherbina sp.","active","submission (74a143e)"
591,"Psacadina sp.","active","submission (74a143e)"
592,"Pteromicra sp.","active","submission (74a143e)"
593,"Renocera sp.","active","submission (74a143e)"
594,"Sciomyza sp.","active","submission (74a143e)"
595,"Sepedon sp.","active","submission (74a143e)"
596,"Tetanocera sp.","active","submission (74a143e)"
597,"Tetanura sp.","active","submission (74a143e)"
598,"Trypetoptera sp.","active","submission (74a143e)"
599,"Simuliidae Gen. sp.","active","submission (74a143e)"
600,"Cnephia sp.","active","submission (74a143e)"
601,"Metacnephia sp.","active","submission (74a143e)"
602,"Simulium sp.","active","submission (74a143e)"
603,"Stratiomyidae Gen. sp.","active","submission (74a143e)"
604,"Beris sp.","active","submission (74a143e)"
605,"Berkshiria sp.","active","submission (74a143e)"
606,"Chloromyia sp.","active","submission (74a143e)"
607,"Clitellaria sp.","active","submission (74a143e)"
608,"Microchrysa sp.","active","submission (74a143e)"
609,"Nemotelus sp.","active","submission (74a143e)"
610,"Odontomyia sp.","active","submission (74a143e)"
611,"Oplodontha sp.","active","submission (74a143e)"
612,"Oxycera sp.","active","submission (74a143e)"
613,"Sargus sp.","active","submission (74a143e)"
614,"Stratiomys sp.","active","submission (74a143e)"
615,"Zabrachia sp.","active","submission (74a143e)"
616,"Syrphidae Gen. sp.","active","submission (74a143e)"
617,"Baccha sp.","active","submission (74a143e)"
618,"Chrysotoxum sp.","active","submission (74a143e)"
619,"Dasysyrphus sp.","active","submission (74a143e)"
620,"Didea sp.","active","submission (74a143e)"
621,"Doros sp.","active","submission (74a143e)"
622,"Epistrophe sp.","active","submission (74a143e)"
623,"Epistrophella sp.","active","submission (74a143e)"
624,"Episyrphus sp.","active","submission (74a143e)"
625,"Eriozona sp.","active","submission (74a143e)"
626,"Eupeodes sp.","active","submission (74a143e)"
627,"Fagisyrphus sp.","active","submission (74a143e)"
628,"Heringia sp.","active","submission (74a143e)"
629,"Lapposyrphus sp.","active","submission (74a143e)"
630,"Leucozona sp.","active","submission (74a143e)"
631,"Megasyrphus sp.","active","submission (74a143e)"
632,"Melangyna sp.","active","submission (74a143e)"
633,"Melanostoma sp.","active","submission (74a143e)"
634,"Meligramma sp.","active","submission (74a143e)"
635,"Meliscaeva sp.","active","submission (74a143e)"
636,"Microdon sp.","active","submission (74a143e)"
637,"Neocnemodon sp.","active","submission (74a143e)"
638,"Paragus sp.","active","submission (74a143e)"
639,"Parasyrphus sp.","active","submission (74a143e)"
640,"Philhelius sp.","active","submission (74a143e)"
641,"Pipiza sp.","active","submission (74a143e)"
642,"Pipizella sp.","active","submission (74a143e)"
643,"Platycheirus sp.","active","submission (74a143e)"
644,"Pyrophaena sp.","active","submission (74a143e)"
645,"Scaeva sp.","active","submission (74a143e)"
646,"Sphaerophoria sp.","active","submission (74a143e)"
647,"Syrphus sp.","active","submission (74a143e)"
648,"Trichopsomyia sp.","active","submission (74a143e)"
649,"Triglyphus sp.","active","submission (74a143e)"
650,"Xanthandrus sp.","active","submission (74a143e)"
651,"Eristalinae Gen. sp.","active","submission (74a143e)"
652,"Anasimyia sp.","active","submission (74a143e)"
653,"Blera sp.","active","submission (74a143e)"
654,"Brachyopa sp.","active","submission (74a143e)"
655,"Brachypalpoides sp.","active","submission (74a143e)"
656,"Brachypalpus sp.","active","submission (74a143e)"
657,"Ceriana sp.","active","submission (74a143e)"
658,"Chalcosyrphus sp.","active","submission (74a143e)"
659,"Chamaesyrphus sp.","active","submission (74a143e)"
660,"Cheilosia sp.","active","submission (74a143e)"
661,"Chrysogaster sp.","active","submission (74a143e)"
662,"Criorhina sp.","active","submission (74a143e)"
663,"Eristalinus sp.","active","submission (74a143e)"
664,"Eristalis sp.","active","submission (74a143e)"
665,"Eumerus sp.","active","submission (74a143e)"
666,"Eurimyia sp.","active","submission (74a143e)"
667,"Ferdinandea sp.","active","submission (74a143e)"
668,"Hammerschmidtia sp.","active","submission (74a143e)"
669,"Helophilus sp.","active","submission (74a143e)"
670,"Lejogaster sp.","active","submission (74a143e)"
671,"Lejota sp.","active","submission (74a143e)"
672,"Mallota sp.","active","submission (74a143e)"
673,"Merodon sp.","active","submission (74a143e)"
674,"Myathropa sp.","active","submission (74a143e)"
675,"Neoascia sp.","active","submission (74a143e)"
676,"Orthonevra sp.","active","submission (74a143e)"
677,"Parhelophilus sp.","active","submission (74a143e)"
678,"Pelecocera sp.","active","submission (74a143e)"
679,"Pocota sp.","active","submission (74a143e)"
680,"Psarus sp.","active","submission (74a143e)"
681,"Rhingia sp.","active","submission (74a143e)"
682,"Sericomyia sp.","active","submission (74a143e)"
683,"Sphecomyia sp.","active","submission (74a143e)"
684,"Sphegina sp.","active","submission (74a143e)"
685,"Spilomyia sp.","active","submission (74a143e)"
686,"Syritta sp.","active","submission (74a143e)"
687,"Temnostoma sp.","active","submission (74a143e)"
688,"Tropidia sp.","active","submission (74a143e)"
689,"Volucella sp.","active","submission (74a143e)"
690,"Xylota sp.","active","submission (74a143e)"
691,"Tabanidae Gen. sp.","active","submission (74a143e)"
692,"Atylotus sp.","active","submission (74a143e)"
693,"Chrysops sp.","active","submission (74a143e)"
694,"Haematopota sp.","active","submission (74a143e)"
695,"Heptatoma sp.","active","submission (74a143e)"
696,"Hybomitra sp.","active","submission (74a143e)"
697,"Silvius sp.","active","submission (74a143e)"
698,"Tabanus sp.","active","submission (74a143e)"
699,"Tipulidae Gen. sp.","active","submission (74a143e)"
700,"Ctenophora sp.","active","submission (74a143e)"
701,"Dictenidia sp.","active","submission (74a143e)"
702,"Dolichopeza sp.","active","submission (74a143e)"
703,"Nephrotoma sp.","active","submission (74a143e)"
704,"Nigrotipula sp.","active","submission (74a143e)"
705,"Phoroctenia sp.","active","submission (74a143e)"
706,"Prionocera sp.","active","submission (74a143e)"
707,"Tanyptera sp.","active","submission (74a143e)"
708,"Tipula sp.","active","submission (74a143e)"
709,"Ephemeroptera Gen. sp.","active","submission (74a143e)"
710,"Ametropodidae Gen. sp.","active","submission (74a143e)"
711,"Ametropus sp.","active","submission (74a143e)"
712,"Baetidae Gen. sp.","active","submission (74a143e)"
713,"Acentrella sp.","active","submission (74a143e)"
714,"Alainites sp.","active","submission (74a143e)"
715,"Baetis sp.","active","submission (74a143e)"
716,"Baetis rhodani","active","submission (74a143e)"
717,"Baetopus sp.","active","submission (74a143e)"
718,"Centroptilum sp.","active","submission (74a143e)"
719,"Centroptilum luteolum","active","submission (74a143e)"
720,"Cloeon sp.","active","submission (74a143e)"
721,"Cloeon dipterum","active","submission (74a143e)"
722,"Cloeon simile","active","submission (74a143e)"
723,"Labiobaetis sp.","active","submission (74a143e)"
724,"Nigrobaetis sp.","active","submission (74a143e)"
725,"Procloeon sp.","active","submission (74a143e)"
726,"Pseudocloeon sp.","active","submission (74a143e)"
727,"Raptobaetopus sp.","active","submission (74a143e)"
728,"Caenidae Gen. sp.","active","submission (74a143e)"
729,"Brachycercus sp.","active","submission (74a143e)"
730,"Brachycercus harrisella","active","submission (74a143e)"
731,"Caenis sp.","active","submission (74a143e)"
732,"Caenis horaria","active","submission (74a143e)"
733,"Caenis macrura","active","submission (74a143e)"
734,"Cercobrachys sp.","active","submission (74a143e)"
735,"Sparbarus sp.","active","submission (74a143e)"
736,"Ephemerellidae Gen. sp.","active","submission (74a143e)"
737,"Ephemerella sp.","active","submission (74a143e)"
738,"Eurylophella sp.","active","submission (74a143e)"
739,"Serratella sp.","active","submission (74a143e)"
740,"Serratella ignita","active","submission (74a143e)"
741,"Teloganopsis sp.","active","submission (74a143e)"
742,"Ephemeridae Gen. sp.","active","submission (74a143e)"
743,"Ephemera sp.","active","submission (74a143e)"
744,"Ephemera danica","active","submission (74a143e)"
745,"Ephemera lineata","active","submission (74a143e)"
746,"Ephemera vulgata","active","submission (74a143e)"
747,"Heptageniidae Gen. sp.","active","submission (74a143e)"
748,"Arthroplea sp.","active","submission (74a143e)"
749,"Dacnogenia sp.","active","submission (74a143e)"
750,"Ecdyonurus sp.","active","submission (74a143e)"
751,"Electrogena sp.","active","submission (74a143e)"
752,"Heptagenia sp.","active","submission (74a143e)"
753,"Heptagenia flava","active","submission (74a143e)"
754,"Heptagenia sulphurea","active","submission (74a143e)"
755,"Kageronia sp.","active","submission (74a143e)"
756,"Kageronia fuscogrisea","active","submission (74a143e)"
757,"Isonychiidae Gen. sp.","active","submission (74a143e)"
758,"Isonychia sp.","active","submission (74a143e)"
759,"Leptophlebiidae Gen. sp.","active","submission (74a143e)"
760,"Habrophlebia sp.","active","submission (74a143e)"
761,"Leptophlebia sp.","active","submission (74a143e)"
762,"Paraleptophlebia sp.","active","submission (74a143e)"
763,"Neoephemeridae Gen. sp.","active","submission (74a143e)"
764,"Neoephemera sp.","active","submission (74a143e)"
765,"Oligoneuriidae Gen. sp.","active","submission (74a143e)"
766,"Oligoneuriella sp.","active","submission (74a143e)"
767,"Polymitarcyidae Gen. sp.","active","submission (74a143e)"
768,"Ephoron sp.","active","submission (74a143e)"
769,"Potamanthidae Gen. sp.","active","submission (74a143e)"
770,"Potamanthus sp.","active","submission (74a143e)"
771,"Potamanthus luteus","active","submission (74a143e)"
772,"Siphlonuridae Gen. sp.","active","submission (74a143e)"
773,"Siphlonurus sp.","active","submission (74a143e)"
774,"Hemiptera Gen. sp.","active","submission (74a143e)"
775,"Aphelocheiridae Gen. sp.","active","submission (74a143e)"
776,"Aphelocheirus sp.","active","submission (74a143e)"
777,"Aphelocheirus aestivalis","active","submission (74a143e)"
778,"Coreidae Gen. sp.","active","submission (74a143e)"
779,"Corixidae Gen. sp.","active","submission (74a143e)"
780,"Arctocorisa sp.","active","submission (74a143e)"
781,"Callicorixa sp.","active","submission (74a143e)"
782,"Corixa sp.","active","submission (74a143e)"
783,"Cymatia sp.","active","submission (74a143e)"
784,"Glaenocorisa sp.","active","submission (74a143e)"
785,"Hesperocorixa sp.","active","submission (74a143e)"
786,"Paracorixa sp.","active","submission (74a143e)"
787,"Sigara sp.","active","submission (74a143e)"
788,"Gerridae Gen. sp.","active","submission (74a143e)"
789,"Hydrometridae Gen. sp.","active","submission (74a143e)"
790,"Mesoveliidae Gen. sp.","active","submission (74a143e)"
791,"Micronectidae Gen. sp.","active","submission (74a143e)"
792,"Micronecta sp.","active","submission (74a143e)"
793,"Naucoridae Gen. sp.","active","submission (74a143e)"
794,"Ilyocoris sp.","active","submission (74a143e)"
795,"Ilyocoris cimicoides","active","submission (74a143e)"
796,"Nepidae Gen. sp.","active","submission (74a143e)"
797,"Nepa sp.","active","submission (74a143e)"
798,"Nepa cinerea","active","submission (74a143e)"
799,"Ranatra sp.","active","submission (74a143e)"
800,"Ranatra linearis","active","submission (74a143e)"
801,"Notonectidae Gen. sp.","active","submission (74a143e)"
802,"Notonecta sp.","active","submission (74a143e)"
803,"Notonecta glauca","active","submission (74a143e)"
804,"Pleidae Gen. sp.","active","submission (74a143e)"
805,"Plea sp.","active","submission (74a143e)"
806,"Plea minutissima","active","submission (74a143e)"
807,"Veliidae Gen. sp.","active","submission (74a143e)"
808,"Lepidoptera Gen. sp.","active","submission (74a143e)"
809,"Crambidae Gen. sp.","active","submission (74a143e)"
810,"Acentria sp.","active","submission (74a143e)"
811,"Agriphila sp.","active","submission (74a143e)"
812,"Agrotera sp.","active","submission (74a143e)"
813,"Anania sp.","active","submission (74a143e)"
814,"Atralata sp.","active","submission (74a143e)"
815,"Calamotropha sp.","active","submission (74a143e)"
816,"Cataclysta sp.","active","submission (74a143e)"
817,"Catoptria sp.","active","submission (74a143e)"
818,"Chilo sp.","active","submission (74a143e)"
819,"Chrysoteuchia sp.","active","submission (74a143e)"
820,"Crambus sp.","active","submission (74a143e)"
821,"Cynaeda sp.","active","submission (74a143e)"
822,"Diasemia sp.","active","submission (74a143e)"
823,"Donacaula sp.","active","submission (74a143e)"
824,"Duponchelia sp.","active","submission (74a143e)"
825,"Ecpyrrhorrhoe sp.","active","submission (74a143e)"
826,"Elophila sp.","active","submission (74a143e)"
827,"Euchromius sp.","active","submission (74a143e)"
828,"Eudonia sp.","active","submission (74a143e)"
829,"Evergestis sp.","active","submission (74a143e)"
830,"Heliothela sp.","active","submission (74a143e)"
831,"Loxostege sp.","active","submission (74a143e)"
832,"Mecyna sp.","active","submission (74a143e)"
833,"Mimudea sp.","active","submission (74a143e)"
834,"Nascia sp.","active","submission (74a143e)"
835,"Nomophila sp.","active","submission (74a143e)"
836,"Nymphula sp.","active","submission (74a143e)"
837,"Ostrinia sp.","active","submission (74a143e)"
838,"Palpita sp.","active","submission (74a143e)"
839,"Parapoynx sp.","active","submission (74a143e)"
840,"Paratalanta sp.","active","submission (74a143e)"
841,"Patania sp.","active","submission (74a143e)"
842,"Pediasia sp.","active","submission (74a143e)"
843,"Platytes sp.","active","submission (74a143e)"
844,"Psammotis sp.","active","submission (74a143e)"
845,"Pyrausta sp.","active","submission (74a143e)"
846,"Schoenobius sp.","active","submission (74a143e)"
847,"Scirpophaga sp.","active","submission (74a143e)"
848,"Sclerocona sp.","active","submission (74a143e)"
849,"Scoparia sp.","active","submission (74a143e)"
850,"Sitochroa sp.","active","submission (74a143e)"
851,"Thisanotia sp.","active","submission (74a143e)"
852,"Udea sp.","active","submission (74a143e)"
853,"Pyralidae Gen. sp.","active","submission (74a143e)"
854,"Achroia sp.","active","submission (74a143e)"
855,"Acrobasis sp.","active","submission (74a143e)"
856,"Aglossa sp.","active","submission (74a143e)"
857,"Ancylosis sp.","active","submission (74a143e)"
858,"Anerastia sp.","active","submission (74a143e)"
859,"Aphomia sp.","active","submission (74a143e)"
860,"Apomyelois sp.","active","submission (74a143e)"
861,"Cryptoblabes sp.","active","submission (74a143e)"
862,"Delplanqueia sp.","active","submission (74a143e)"
863,"Dioryctria sp.","active","submission (74a143e)"
864,"Eccopisa sp.","active","submission (74a143e)"
865,"Elegia sp.","active","submission (74a143e)"
866,"Endotricha sp.","active","submission (74a143e)"
867,"Ephestia sp.","active","submission (74a143e)"
868,"Etiella sp.","active","submission (74a143e)"
869,"Eurhodope sp.","active","submission (74a143e)"
870,"Euzophera sp.","active","submission (74a143e)"
871,"Galleria sp.","active","submission (74a143e)"
872,"Glyptoteles sp.","active","submission (74a143e)"
873,"Homoeosoma sp.","active","submission (74a143e)"
874,"Hypochalcia sp.","active","submission (74a143e)"
875,"Hypsopygia sp.","active","submission (74a143e)"
876,"Laodamia sp.","active","submission (74a143e)"
877,"Myelois sp.","active","submission (74a143e)"
878,"Nephopterix sp.","active","submission (74a143e)"
879,"Nyctegretis sp.","active","submission (74a143e)"
880,"Oncocera sp.","active","submission (74a143e)"
881,"Ortholepis sp.","active","submission (74a143e)"
882,"Pempelia sp.","active","submission (74a143e)"
883,"Phycita sp.","active","submission (74a143e)"
884,"Phycitodes sp.","active","submission (74a143e)"
885,"Pima sp.","active","submission (74a143e)"
886,"Plodia sp.","active","submission (74a143e)"
887,"Pyla sp.","active","submission (74a143e)"
888,"Pyralis sp.","active","submission (74a143e)"
889,"Rhodophaea sp.","active","submission (74a143e)"
890,"Salebriopsis sp.","active","submission (74a143e)"
891,"Sciota sp.","active","submission (74a143e)"
892,"Selagia sp.","active","submission (74a143e)"
893,"Synaphe sp.","active","submission (74a143e)"
894,"Uncinus sp.","active","submission (74a143e)"
895,"Vitula sp.","active","submission (74a143e)"
896,"Zophodia sp.","active","submission (74a143e)"
897,"Megaloptera Gen. sp.","active","submission (74a143e)"
898,"Sialidae Gen. sp.","active","submission (74a143e)"
899,"Sialis sp.","active","submission (74a143e)"
900,"Sialis lutaria","active","submission (74a143e)"
901,"Neuroptera Gen. sp.","active","submission (74a143e)"
902,"Osmylidae Gen. sp.","active","submission (74a143e)"
903,"Sisyridae Gen. sp.","active","submission (74a143e)"
904,"Odonata Gen. sp.","active","submission (74a143e)"
905,"Aeshnidae Gen. sp.","active","submission (74a143e)"
906,"Aeshna sp.","active","submission (74a143e)"
907,"Anax sp.","active","submission (74a143e)"
908,"Brachytron sp.","active","submission (74a143e)"
909,"Brachytron pratense","active","submission (74a143e)"
910,"Calopterygidae Gen. sp.","active","submission (74a143e)"
911,"Calopteryx sp.","active","submission (74a143e)"
912,"Calopteryx splendens","active","submission (74a143e)"
913,"Calopteryx virgo","active","submission (74a143e)"
914,"Coenagrionidae Gen. sp.","active","submission (74a143e)"
915,"Coenagrion sp.","active","submission (74a143e)"
916,"Enallagma sp.","active","submission (74a143e)"
917,"Erythromma sp.","active","submission (74a143e)"
918,"Erythromma najas","active","submission (74a143e)"
919,"Ischnura sp.","active","submission (74a143e)"
920,"Ischnura elegans","active","submission (74a143e)"
921,"Nehalennia sp.","active","submission (74a143e)"
922,"Pyrrhosoma sp.","active","submission (74a143e)"
923,"Pyrrhosoma nymphula","active","submission (74a143e)"
924,"Cordulegastridae Gen. sp.","active","submission (74a143e)"
925,"Cordulegaster sp.","active","submission (74a143e)"
926,"Cordulegaster boltonii","active","submission (74a143e)"
927,"Corduliidae Gen. sp.","active","submission (74a143e)"
928,"Cordulia sp.","active","submission (74a143e)"
929,"Epitheca sp.","active","submission (74a143e)"
930,"Epitheca bimaculata","active","submission (74a143e)"
931,"Somatochlora sp.","active","submission (74a143e)"
932,"Gomphidae Gen. sp.","active","submission (74a143e)"
933,"Gomphus sp.","active","submission (74a143e)"
934,"Gomphus vulgatissimus","active","submission (74a143e)"
935,"Onychogomphus sp.","active","submission (74a143e)"
936,"Onychogomphus forcipatus","active","submission (74a143e)"
937,"Ophiogomphus sp.","active","submission (74a143e)"
938,"Ophiogomphus cecilia","active","submission (74a143e)"
939,"Stylurus sp.","active","submission (74a143e)"
940,"Stylurus flavipes","active","submission (74a143e)"
941,"Lestidae Gen. sp.","active","submission (74a143e)"
942,"Chalcolestes sp.","active","submission (74a143e)"
943,"Lestes sp.","active","submission (74a143e)"
944,"Sympecma sp.","active","submission (74a143e)"
945,"Libellulidae Gen. sp.","active","submission (74a143e)"
946,"Crocothemis sp.","active","submission (74a143e)"
947,"Leucorrhinia sp.","active","submission (74a143e)"
948,"Libellula sp.","active","submission (74a143e)"
949,"Orthetrum sp.","active","submission (74a143e)"
950,"Pantala sp.","active","submission (74a143e)"
951,"Sympetrum sp.","active","submission (74a143e)"
952,"Platycnemididae Gen. sp.","active","submission (74a143e)"
953,"Platycnemis sp.","active","submission (74a143e)"
954,"Platycnemis pennipes","active","submission (74a143e)"
955,"Plecoptera Gen. sp.","active","submission (74a143e)"
956,"Capniidae Gen. sp.","active","submission (74a143e)"
957,"Capnopsis sp.","active","submission (74a143e)"
958,"Zwicknia sp.","active","submission (74a143e)"
959,"Chloroperlidae Gen. sp.","active","submission (74a143e)"
960,"Chloroperla sp.","active","submission (74a143e)"
961,"Isoptena sp.","active","submission (74a143e)"
962,"Siphonoperla sp.","active","submission (74a143e)"
963,"Xanthoperla sp.","active","submission (74a143e)"
964,"Leuctridae Gen. sp.","active","submission (74a143e)"
965,"Leuctra sp.","active","submission (74a143e)"
966,"Nemouridae Gen. sp.","active","submission (74a143e)"
967,"Amphinemura sp.","active","submission (74a143e)"
968,"Nemoura sp.","active","submission (74a143e)"
969,"Nemurella sp.","active","submission (74a143e)"
970,"Protonemura sp.","active","submission (74a143e)"
971,"Perlidae Gen. sp.","active","submission (74a143e)"
972,"Marthamea sp.","active","submission (74a143e)"
973,"Perlodidae Gen. sp.","active","submission (74a143e)"
974,"Diura sp.","active","submission (74a143e)"
975,"Isogenus sp.","active","submission (74a143e)"
976,"Isoperla sp.","active","submission (74a143e)"
977,"Perlodes sp.","active","submission (74a143e)"
978,"Taeniopterygidae Gen. sp.","active","submission (74a143e)"
979,"Brachyptera sp.","active","submission (74a143e)"
980,"Rhabdiopteryx sp.","active","submission (74a143e)"
981,"Taeniopteryx sp.","active","submission (74a143e)"
982,"Trichoptera Gen. sp.","active","submission (74a143e)"
983,"Apataniidae Gen. sp.","active","submission (74a143e)"
984,"Apatania sp.","active","submission (74a143e)"
985,"Beraeidae Gen. sp.","active","submission (74a143e)"
986,"Beraea sp.","active","submission (74a143e)"
987,"Beraeodes sp.","active","submission (74a143e)"
988,"Beraeodes minutus","active","submission (74a143e)"
989,"Brachycentridae Gen. sp.","active","submission (74a143e)"
990,"Brachycentrus sp.","active","submission (74a143e)"
991,"Brachycentrus subnubilus","active","submission (74a143e)"
992,"Micrasema sp.","active","submission (74a143e)"
993,"Micrasema setiferum","active","submission (74a143e)"
994,"Ecnomidae Gen. sp.","active","submission (74a143e)"
995,"Ecnomus sp.","active","submission (74a143e)"
996,"Glossosomatidae Gen. sp.","active","submission (74a143e)"
997,"Agapetus sp.","active","submission (74a143e)"
998,"Glossosoma sp.","active","submission (74a143e)"
999,"Glossosoma boltoni","active","submission (74a143e)"
1000,"Goeridae Gen. sp.","active","submission (74a143e)"
1001,"Goera sp.","active","submission (74a143e)"
1002,"Goera pilosa","active","submission (74a143e)"
1003,"Lithax sp.","active","submission (74a143e)"
1004,"Lithax obscurus","active","submission (74a143e)"
1005,"Silo sp.","active","submission (74a143e)"
1006,"Silo pallipes","active","submission (74a143e)"
1007,"Hydropsychidae Gen. sp.","active","submission (74a143e)"
1008,"Cheumatopsyche sp.","active","submission (74a143e)"
1009,"Cheumatopsyche lepida","active","submission (74a143e)"
1010,"Hydropsyche sp.","active","submission (74a143e)"
1011,"Hydropsyche angustipennis","active","submission (74a143e)"
1012,"Hydropsyche pellucidula","active","submission (74a143e)"
1013,"Hydroptilidae Gen. sp.","active","submission (74a143e)"
1014,"Agraylea sp.","active","submission (74a143e)"
1015,"Allotrichia sp.","active","submission (74a143e)"
1016,"Hydroptila sp.","active","submission (74a143e)"
1017,"Ithytrichia sp.","active","submission (74a143e)"
1018,"Ithytrichia lamellaris","active","submission (74a143e)"
1019,"Orthotrichia sp.","active","submission (74a143e)"
1020,"Oxyethira sp.","active","submission (74a143e)"
1021,"Stactobiella sp.","active","submission (74a143e)"
1022,"Tricholeiochiton sp.","active","submission (74a143e)"
1023,"Lepidostomatidae Gen. sp.","active","submission (74a143e)"
1024,"Crunoecia sp.","active","submission (74a143e)"
1025,"Lasiocephala sp.","active","submission (74a143e)"
1026,"Lepidostoma sp.","active","submission (74a143e)"
1027,"Lepidostoma basale","active","submission (74a143e)"
1028,"Lepidostoma hirtum","active","submission (74a143e)"
1029,"Leptoceridae Gen. sp.","active","submission (74a143e)"
1030,"Athripsodes sp.","active","submission (74a143e)"
1031,"Athripsodes aterrimus","active","submission (74a143e)"
1032,"Athripsodes cinereus","active","submission (74a143e)"
1033,"Ceraclea sp.","active","submission (74a143e)"
1034,"Ceraclea annulicornis","active","submission (74a143e)"
1035,"Ceraclea fulva","active","submission (74a143e)"
1036,"Erotesis sp.","active","submission (74a143e)"
1037,"Leptocerus sp.","active","submission (74a143e)"
1038,"Mystacides sp.","active","submission (74a143e)"
1039,"Mystacides azureus","active","submission (74a143e)"
1040,"Oecetis sp.","active","submission (74a143e)"
1041,"Oecetis furva","active","submission (74a143e)"
1042,"Oecetis lacustris","active","submission (74a143e)"
1043,"Parasetodes sp.","active","submission (74a143e)"
1044,"Setodes sp.","active","submission (74a143e)"
1045,"Triaenodes sp.","active","submission (74a143e)"
1046,"Triaenodes bicolor","active","submission (74a143e)"
1047,"Ylodes sp.","active","submission (74a143e)"
1048,"Limnephilidae Gen. sp.","active","submission (74a143e)"
1049,"Anabolia sp.","active","submission (74a143e)"
1050,"Annitella sp.","active","submission (74a143e)"
1051,"Asynarchus sp.","active","submission (74a143e)"
1052,"Chaetopteryx sp.","active","submission (74a143e)"
1053,"Enoicyla sp.","active","submission (74a143e)"
1054,"Glyphotaelius sp.","active","submission (74a143e)"
1055,"Grammotaulius sp.","active","submission (74a143e)"
1056,"Halesus sp.","active","submission (74a143e)"
1057,"Halesus digitatus","active","submission (74a143e)"
1058,"Halesus radiatus","active","submission (74a143e)"
1059,"Hydatophylax sp.","active","submission (74a143e)"
1060,"Ironoquia sp.","active","submission (74a143e)"
1061,"Lenarchus sp.","active","submission (74a143e)"
1062,"Limnephilus sp.","active","submission (74a143e)"
1063,"Micropterna sp.","active","submission (74a143e)"
1064,"Nemotaulius sp.","active","submission (74a143e)"
1065,"Nemotaulius punctatolineatus","active","submission (74a143e)"
1066,"Parachiona sp.","active","submission (74a143e)"
1067,"Potamophylax sp.","active","submission (74a143e)"
1068,"Pseudostenophylax sp.","active","submission (74a143e)"
1069,"Rhadicoleptus sp.","active","submission (74a143e)"
1070,"Stenophylax sp.","active","submission (74a143e)"
1071,"Molannidae Gen. sp.","active","submission (74a143e)"
1072,"Molanna sp.","active","submission (74a143e)"
1073,"Molanna albicans","active","submission (74a143e)"
1074,"Molanna angustata","active","submission (74a143e)"
1075,"Molannodes sp.","active","submission (74a143e)"
1076,"Odontoceridae Gen. sp.","active","submission (74a143e)"
1077,"Odontocerum sp.","active","submission (74a143e)"
1078,"Philopotamidae Gen. sp.","active","submission (74a143e)"
1079,"Chimarra sp.","active","submission (74a143e)"
1080,"Philopotamus sp.","active","submission (74a143e)"
1081,"Wormaldia sp.","active","submission (74a143e)"
1082,"Phryganeidae Gen. sp.","active","submission (74a143e)"
1083,"Agrypnia sp.","active","submission (74a143e)"
1084,"Hagenella sp.","active","submission (74a143e)"
1085,"Oligostomis sp.","active","submission (74a143e)"
1086,"Oligostomis reticulata","active","submission (74a143e)"
1087,"Oligotricha sp.","active","submission (74a143e)"
1088,"Phryganea sp.","active","submission (74a143e)"
1089,"Phryganea bipunctata","active","submission (74a143e)"
1090,"Phryganea grandis","active","submission (74a143e)"
1091,"Semblis sp.","active","submission (74a143e)"
1092,"Trichostegia sp.","active","submission (74a143e)"
1093,"Polycentropodidae Gen. sp.","active","submission (74a143e)"
1094,"Cyrnus sp.","active","submission (74a143e)"
1095,"Cyrnus flavidus","active","submission (74a143e)"
1096,"Cyrnus trimaculatus","active","submission (74a143e)"
1097,"Holocentropus sp.","active","submission (74a143e)"
1098,"Holocentropus dubius","active","submission (74a143e)"
1099,"Neureclipsis sp.","active","submission (74a143e)"
1100,"Neureclipsis bimaculata","active","submission (74a143e)"
1101,"Plectrocnemia sp.","active","submission (74a143e)"
1102,"Polycentropus sp.","active","submission (74a143e)"
1103,"Polycentropus flavomaculatus","active","submission (74a143e)"
1104,"Psychomyiidae Gen. sp.","active","submission (74a143e)"
1105,"Lype sp.","active","submission (74a143e)"
1106,"Lype phaeopa","active","submission (74a143e)"
1107,"Lype reducta","active","submission (74a143e)"
1108,"Psychomyia sp.","active","submission (74a143e)"
1109,"Psychomyia pusilla","active","submission (74a143e)"
1110,"Tinodes sp.","active","submission (74a143e)"
1111,"Tinodes waeneri","active","submission (74a143e)"
1112,"Rhyacophilidae Gen. sp.","active","submission (74a143e)"
1113,"Rhyacophila sp.","active","submission (74a143e)"
1114,"Rhyacophila fasciata","active","submission (74a143e)"
1115,"Rhyacophila nubila","active","submission (74a143e)"
1116,"Sericostomatidae Gen. sp.","active","submission (74a143e)"
1117,"Notidobia sp.","active","submission (74a143e)"
1118,"Notidobia ciliaris","active","submission (74a143e)"
1119,"Sericostoma sp.","active","submission (74a143e)"
1120,"Sericostoma personatum","active","submission (74a143e)"
1121,"Sericostoma schneideri","active","submission (74a143e)"
1122,"Sphaeriusidae Gen. sp.","active","2026-09-26"
1123,"Sphaerius sp.","active","2026-09-26"
1124,"Dinocras sp.","active","2026-09-26"
